,vid,start_ts,end_ts,distance_total,absolute_time_duration_hrs,Rolling_diff,Z-score parked time
272,9,2009-05-15 00:00:31.000000,2009-05-15 23:53:55.000000,37.4952897927491,23.8902777777778,0.11944444444444445,-2.4592878396138684
274,9,2009-05-18 15:32:04.000000,2009-05-18 23:55:00.000000,35.452442968423,8.3825,0.11027777777777778,-2.4613133644801777
276,9,2009-05-21 15:36:30.000000,2009-05-21 23:54:22.000000,27.6765931283313,8.29805555555556,0.13805555555555557,-2.4551754103398458
0,10,2010-02-03 16:42:48.000000,2010-02-04 01:02:08.000000,67.5350631825798,8.3225,15.625,0.9669181615196293
1,10,2010-02-04 16:39:38.000000,2010-02-05 01:03:30.000000,66.9725435941764,8.39805555555555,4.163333333333334,-1.5657244758642899
3,10,2010-02-10 02:04:06.000000,2010-02-11 01:18:04.000000,72.1986763958528,23.2330555555556,4.8213888888888885,-1.4203163422798175
5,12,2010-04-15 03:36:47.000000,2010-04-16 00:37:01.000000,34.9367030082741,21.0041666666667,14.993055555555555,0.8272797048270691
7,12,2010-04-19 05:27:43.000000,2010-04-20 00:40:06.000000,41.4035664316693,19.2066666666667,14.996944444444445,0.8281390184067158
9,15,2008-11-11 05:43:23.000000,2008-11-12 00:06:57.000000,28.658346389018,18.3930555555556,0.495,-2.3763026996365753
10,15,2008-11-12 00:36:39.000000,2008-11-13 00:12:22.000000,21.2397729828672,23.5955555555556,0.4075,-2.395637255178622
11,15,2008-11-13 00:36:49.000000,2008-11-13 22:40:54.000000,28.8523930815063,22.0683333333333,4.655277777777778,-1.4570213080390046
13,15,2008-11-17 16:24:34.000000,2008-11-18 00:28:26.000000,22.6172704548578,8.06472222222222,0.22111111111111112,-2.4368229274602515
14,15,2008-11-18 00:41:42.000000,2008-11-19 00:32:35.000000,14.7181536761097,23.8483333333333,0.11138888888888888,-2.4610678463145645
15,15,2008-11-19 00:39:16.000000,2008-11-20 00:21:02.000000,19.3259361777547,23.6963888888889,0.3547222222222222,-2.4072993680452535
16,15,2008-11-20 00:42:19.000000,2008-11-20 21:13:26.000000,19.5202762101588,20.5188888888889,6.761388888888889,-0.9916416251190087
18,16,2008-11-11 06:04:25.000000,2008-11-12 01:26:00.000000,48.6161653562061,19.36,5.058611111111111,-1.3678982139213793
19,16,2008-11-12 06:29:31.000000,2008-11-13 01:16:57.000000,47.3984626809192,18.7908333333333,2.6566666666666667,-1.8986471084359147
20,16,2008-11-13 03:56:21.000000,2008-11-14 01:14:13.000000,46.8425405731554,21.2980555555556,14.9675,0.8216327870179633
22,16,2008-11-17 16:13:11.000000,2008-11-18 01:35:04.000000,46.014994115488,9.365,14.920277777777779,0.8111982649793987
23,16,2008-11-18 16:30:17.000000,2008-11-19 01:30:47.000000,45.4093717081123,9.00861111111111,2.0733333333333337,-2.027544145382893
24,16,2008-11-19 03:35:11.000000,2008-11-20 01:20:29.000000,46.1304255706379,21.7552777777778,1.9375,-2.0575587411291183
25,16,2008-11-20 03:16:44.000000,2008-11-21 01:11:10.000000,48.7566856355031,21.9075,2.8830555555555555,-1.848622782192206
27,17,2008-11-11 05:53:20.000000,2008-11-11 22:08:14.000000,35.6073743001338,16.2486111111111,6.3175,-1.089726132281519
28,17,2008-11-12 04:27:17.000000,2008-11-13 01:29:24.000000,46.5996356261749,21.0355555555556,2.0772222222222223,-2.0266848318032467
29,17,2008-11-13 03:34:02.000000,2008-11-14 01:40:40.000000,47.5540714360136,22.1108333333333,1.4188888888888889,-2.1721543449291225
31,17,2008-11-17 16:25:01.000000,2008-11-18 01:46:16.000000,52.1038229912877,9.35444444444444,1.9144444444444444,-2.062653243065594
32,17,2008-11-18 03:41:08.000000,2008-11-19 01:30:34.000000,50.2042227165051,21.8241666666667,15.038611111111111,0.8373459496172141
33,17,2008-11-19 16:32:53.000000,2008-11-20 01:33:12.000000,48.7664581192688,9.00555555555556,14.893888888888888,0.8053672085460827
34,17,2008-11-20 16:26:50.000000,2008-11-21 01:31:30.000000,50.9142877532588,9.07805555555556,4.854444444444445,-1.4130121768528219
36,18,2008-11-11 05:53:25.000000,2008-11-12 01:23:06.000000,38.5785777193446,19.495,3.2725,-1.7625686651447472
37,18,2008-11-12 04:39:27.000000,2008-11-13 01:17:46.000000,42.7148047325552,20.6388888888889,15.206944444444444,0.8745419517076278
39,18,2008-11-17 16:30:52.000000,2008-11-18 01:12:01.000000,44.3266970634812,8.68611111111111,15.405833333333334,0.9184897033524074
41,18,2008-11-20 16:37:37.000000,2008-11-21 01:37:58.000000,45.8635554798494,9.00611111111111,5.401944444444444,-1.2920331007468722
268,20,2010-02-11 02:28:33.000000,2010-02-12 01:39:32.000000,37.4494007892303,23.1833333333333,1.2652777777777777,-2.20609723132516
278,58,2013-06-12 09:56:43.000000,2013-06-12 18:46:01.000000,64.2871826585562,8.82194444444444,15.015833333333333,0.8323128272221416
279,58,2013-06-13 09:46:58.000000,2013-06-13 18:43:17.000000,71.5021700644305,8.93888888888889,15.03,0.835443183833711
281,58,2013-06-17 09:48:33.000000,2013-06-17 18:32:48.000000,74.6661990837406,8.73777777777778,15.2575,0.8857130282430329
282,58,2013-06-18 09:48:15.000000,2013-06-18 19:34:26.000000,55.088381858447,9.77,14.154166666666667,0.6419134897890333
283,58,2013-06-19 09:43:41.000000,2013-06-19 18:19:10.000000,61.6512329508623,8.59166666666667,15.446111111111112,0.9273897368558893
284,58,2013-06-20 09:45:56.000000,2013-06-20 18:51:06.000000,73.5457151810446,9.08638888888889,14.9075,0.8083748060748458
286,58,2013-06-24 09:49:28.000000,2013-06-24 17:52:10.000000,73.3798908270969,8.04527777777778,16.003333333333334,1.0505170969109556
287,58,2013-06-25 09:52:22.000000,2013-06-25 19:28:52.000000,61.122473320944,9.60861111111111,14.311111111111112,0.6765929306819111
288,58,2013-06-26 09:47:32.000000,2013-06-26 18:15:22.000000,60.9841100453636,8.46416666666667,15.513333333333334,0.9422435858754935
289,58,2013-06-27 09:46:10.000000,2013-06-27 18:16:00.000000,73.9656102385012,8.4975,15.540833333333333,0.9483201604744225
291,58,2013-07-01 09:49:06.000000,2013-07-01 18:47:18.000000,54.7512433425103,8.97027777777778,15.055277777777778,0.8410287221014137
292,58,2013-07-02 09:50:37.000000,2013-07-02 17:41:55.000000,62.049811081771,7.85527777777778,16.115277777777777,1.0752530520964945
295,58,2013-07-08 09:44:54.000000,2013-07-08 18:33:33.000000,81.082539835926,8.81111111111111,15.36138888888889,0.9086689767278757
297,59,2013-06-13 08:22:27.000000,2013-06-13 21:32:28.000000,72.5611018504519,13.1672222222222,10.882777777777777,-0.08095336931790338
299,59,2013-06-17 08:30:21.000000,2013-06-17 22:06:23.000000,53.6062826276963,13.6008333333333,10.354722222222222,-0.19763587752562065
300,59,2013-06-18 08:27:40.000000,2013-06-19 00:28:20.000000,89.4455742321164,16.0113888888889,8.297777777777778,-0.6521513816172283
301,59,2013-06-19 08:46:12.000000,2013-06-19 18:30:34.000000,59.1589887790352,9.73972222222222,13.976666666666667,0.6026919628323099
302,59,2013-06-20 08:29:10.000000,2013-06-20 22:50:31.000000,63.8681394465202,14.3561111111111,9.491944444444444,-0.3882807331243423
304,59,2013-06-24 08:25:45.000000,2013-06-24 23:20:24.000000,75.8675933266014,14.9111111111111,8.776666666666667,-0.5463330522378992
305,59,2013-06-25 08:07:00.000000,2013-06-26 01:50:32.000000,91.554667253039,17.7258333333333,6.660555555555556,-1.013922398648415
306,59,2013-06-26 08:30:10.000000,2013-06-26 21:31:35.000000,59.6773536620435,13.0238888888889,10.881666666666666,-0.08119888748351671
307,59,2013-06-27 08:24:29.000000,2013-06-27 20:38:58.000000,74.598814748847,12.2416666666667,11.605277777777777,0.07869481787214012
309,59,2013-07-01 08:27:18.000000,2013-07-01 22:40:31.000000,86.253122241421,14.2205555555556,9.70888888888889,-0.34034331128834666
310,59,2013-07-02 08:23:03.000000,2013-07-02 21:45:57.000000,92.4173972724004,13.3819444444444,10.212777777777777,-0.22900082318271878
313,59,2013-07-08 08:48:06.000000,2013-07-09 00:12:43.000000,101.719960378799,15.4105555555556,7.920555555555556,-0.7355047988429412
315,60,2013-06-12 06:42:07.000000,2013-06-12 19:10:20.000000,74.2122634017165,12.4705555555556,11.514166666666666,0.05856232829185013
316,60,2013-06-13 06:41:11.000000,2013-06-13 17:57:06.000000,38.9305811682177,11.2655555555556,12.772222222222222,0.3365502713075007
318,60,2013-06-17 07:18:17.000000,2013-06-17 18:35:09.000000,58.6526140481658,11.2813888888889,12.123055555555556,0.19310628304793467
319,60,2013-06-18 06:42:32.000000,2013-06-18 21:10:15.000000,84.1139397320943,14.4622222222222,9.577777777777778,-0.3693144548307154
320,60,2013-06-19 06:44:55.000000,2013-06-19 17:38:46.000000,74.034777995499,10.8977777777778,13.028055555555556,0.3930808289399613
321,60,2013-06-20 06:40:27.000000,2013-06-20 20:22:06.000000,65.5786096948471,13.6944444444444,10.285277777777777,-0.21298076287645148
323,60,2013-06-24 06:44:46.000000,2013-06-24 20:12:05.000000,67.5775411634247,13.4555555555556,10.555833333333334,-0.15319708954961442
324,60,2013-06-25 06:45:26.000000,2013-06-25 23:50:46.000000,118.279733758122,17.0891666666667,6.8533333333333335,-0.9713249969145086
325,60,2013-06-26 06:41:58.000000,2013-06-26 17:44:01.000000,44.2590569907827,11.0344444444444,12.989722222222222,0.3846104522263026
326,60,2013-06-27 06:43:24.000000,2013-06-27 16:19:28.000000,62.345285701158,9.60138888888889,14.393333333333333,0.6947612749372943
328,60,2013-07-01 07:18:32.000000,2013-07-01 21:31:20.000000,70.6280613478068,14.2136111111111,9.766111111111112,-0.3276991257592621
329,60,2013-07-02 07:17:18.000000,2013-07-02 21:28:30.000000,75.8296077793838,14.1869444444444,9.784444444444444,-0.3236480760266429
332,60,2013-07-08 06:45:17.000000,2013-07-08 19:11:08.000000,59.6144553603611,12.4311111111111,12.069444444444445,0.18126003155709322
334,61,2013-06-12 08:48:38.000000,2013-06-12 17:17:54.000000,39.6263314522682,8.48805555555556,15.540833333333333,0.9483201604744225
335,61,2013-06-13 08:50:21.000000,2013-06-13 17:50:06.000000,40.7833943273741,8.99611111111111,14.89,0.8045078949664364
337,61,2013-06-17 08:48:49.000000,2013-06-17 18:34:45.000000,41.4497528199514,9.76583333333333,14.085833333333333,0.6268141226038159
338,61,2013-06-18 08:39:54.000000,2013-06-18 17:20:16.000000,64.4586761829378,8.67305555555556,15.365833333333333,0.9096510493903287
339,61,2013-06-19 08:42:13.000000,2013-06-19 15:19:44.000000,40.8319353051378,6.62555555555556,17.43166666666667,1.3661306988068433
340,61,2013-06-20 08:45:38.000000,2013-06-20 13:31:51.000000,35.6875446114578,4.77055555555556,19.201666666666668,1.7572411366288183
342,61,2013-06-24 08:43:59.000000,2013-06-24 17:45:49.000000,44.7657849305764,9.03083333333333,14.912222222222223,0.8094182582787023
343,61,2013-06-25 08:40:33.000000,2013-06-25 14:47:48.000000,45.9908144499246,6.12111111111111,17.93277777777778,1.4768593914984383
344,61,2013-06-26 08:43:46.000000,2013-06-26 16:05:55.000000,45.3107061621884,7.36944444444444,16.77527777777778,1.2210908424707911
345,61,2013-06-27 08:52:26.000000,2013-06-27 13:49:57.000000,38.1105486973642,4.95888888888889,18.75888888888889,1.6594021476319212
347,61,2013-07-01 09:46:58.000000,2013-07-01 20:29:52.000000,47.4814178509033,10.7152777777778,13.457222222222223,0.4879122204080957
348,61,2013-07-02 09:57:18.000000,2013-07-02 17:30:10.000000,73.8391694663167,7.54805555555556,15.967777777777778,1.0426605156113302
351,61,2013-07-08 08:28:11.000000,2013-07-08 16:28:06.000000,47.072585612264,7.99888888888889,15.883055555555556,1.0239397554833165
353,62,2013-06-12 09:00:31.000000,2013-06-12 23:07:32.000000,81.3301918081692,14.1172222222222,8.842777777777778,-0.5317247213839082
354,62,2013-06-13 07:58:06.000000,2013-06-13 23:03:02.000000,124.047012175338,15.0825,9.383333333333333,-0.4122801338130416
356,62,2013-06-17 00:41:26.000000,2013-06-17 21:33:23.000000,64.9852992217712,20.8661111111111,2.8341666666666665,-1.8594255814791911
357,62,2013-06-18 00:23:26.000000,2013-06-18 22:23:12.000000,141.129362089581,21.9963888888889,10.780833333333334,-0.10347966101292276
358,62,2013-06-19 09:10:03.000000,2013-06-19 22:55:08.000000,75.7559530146563,13.7516666666667,9.80861111111111,-0.31830805592455397
359,62,2013-06-20 08:43:39.000000,2013-06-20 23:52:48.000000,68.0415479900988,15.1527777777778,8.813333333333334,-0.5382309527726604
360,62,2013-06-21 08:41:36.000000,2013-06-21 21:18:23.000000,103.318263106684,12.6133333333333,3.3475,-1.74599618896585
362,62,2013-06-24 00:42:59.000000,2013-06-24 23:59:29.000000,59.9224730178382,23.2752777777778,7.7747222222222225,-0.7677290580796857
363,62,2013-06-25 07:45:58.000000,2013-06-25 22:48:21.000000,127.623288358562,15.04,10.070833333333333,-0.2603657688398169
364,62,2013-06-26 08:52:36.000000,2013-06-26 23:32:35.000000,81.2247103936145,14.6666666666667,9.300277777777778,-0.4306326166926352
365,62,2013-06-27 08:50:36.000000,2013-06-27 23:39:19.000000,92.6690052441438,14.8122222222222,8.354722222222223,-0.6395685756295468
367,62,2013-07-01 08:16:53.000000,2013-07-01 21:31:39.000000,131.155423556651,13.2463888888889,11.061388888888889,-0.04148632419556652
368,62,2013-07-02 08:35:20.000000,2013-07-02 23:42:38.000000,80.4489837687721,15.1219444444444,0.7247222222222223,-2.325541818896027
372,63,2013-06-12 10:58:59.000000,2013-06-12 18:59:06.000000,66.594905462641,8.00222222222222,14.765277777777778,0.7769484808763442
374,63,2013-06-17 15:43:00.000000,2013-06-17 20:56:38.000000,55.3438420806893,5.2275,13.399722222222222,0.47520665533760753
375,63,2013-06-18 10:20:37.000000,2013-06-18 20:23:31.000000,62.9689345229021,10.0486111111111,13.956944444444444,0.5983340153926737
376,63,2013-06-19 10:20:56.000000,2013-06-19 20:15:28.000000,60.3447773165822,9.90916666666667,14.095,0.6288396474701257
377,63,2013-06-20 10:21:10.000000,2013-06-20 20:44:21.000000,68.2481779912129,10.3866666666667,12.697777777777778,0.32010055421141026
379,63,2013-06-24 10:18:43.000000,2013-06-24 20:59:27.000000,109.165627956095,10.6791666666667,13.551388888888889,0.5087198849438221
380,63,2013-06-25 10:32:32.000000,2013-06-25 20:31:51.000000,65.8225671111573,9.98888888888889,14.170277777777779,0.6454735031904263
381,63,2013-06-26 10:42:04.000000,2013-06-26 19:42:07.000000,60.8055209093086,9.00111111111111,14.46888888888889,0.7114565101989985
382,63,2013-06-27 10:10:15.000000,2013-06-27 20:48:09.000000,64.6679494162561,10.6319444444444,12.658611111111112,0.3114460388735417
384,63,2013-07-01 11:12:36.000000,2013-07-01 20:41:10.000000,110.22945674324,9.47638888888889,13.624722222222223,0.5249240838742996
385,63,2013-07-02 10:18:39.000000,2013-07-02 19:33:26.000000,69.3946019503766,9.24666666666667,15.115,0.8542253235031281
389,64,2013-06-11 09:54:31.000000,2013-06-11 18:36:55.000000,32.0681192297298,8.70694444444444,15.079722222222221,0.8464301217449058
390,64,2013-06-12 09:41:42.000000,2013-06-12 19:05:42.000000,58.9410936424801,9.40027777777778,14.96888888888889,0.8219396847249801
391,64,2013-06-13 10:03:50.000000,2013-06-13 17:50:11.000000,34.2904399010708,7.77277777777778,15.831944444444444,1.012645919865105
393,64,2013-06-17 09:47:21.000000,2013-06-17 19:12:05.000000,64.9359863389426,9.4125,15.185833333333333,0.8698771065609754
394,64,2013-06-18 10:23:14.000000,2013-06-18 18:26:32.000000,23.451672891051,8.05527777777778,14.525,0.7238551775624698
395,64,2013-06-19 08:58:02.000000,2013-06-19 19:05:44.000000,58.1130694164046,10.1286111111111,14.88111111111111,0.8025437496415297
396,64,2013-06-20 09:58:36.000000,2013-06-20 17:15:01.000000,29.4927125523107,7.27388888888889,16.41916666666667,1.1424022703917307
398,64,2013-06-24 09:36:07.000000,2013-06-24 18:34:30.000000,65.0685431729262,8.97333333333333,15.323333333333334,0.9002599795556205
399,64,2013-06-25 09:53:54.000000,2013-06-25 18:38:52.000000,31.720965329464,8.74972222222222,15.231666666666667,0.880004730892524
400,64,2013-06-26 09:52:46.000000,2013-06-26 18:53:39.000000,58.9451002343395,9.015,15.147222222222222,0.8613453503059135
401,64,2013-06-27 10:02:29.000000,2013-06-27 16:44:06.000000,29.2962554264653,6.69388888888889,17.01388888888889,1.273815868536245
403,64,2013-07-01 08:34:09.000000,2013-07-01 19:27:11.000000,86.5697907394983,10.8841666666667,13.179166666666667,0.4264712994633692
404,64,2013-07-02 08:37:56.000000,2013-07-02 19:15:39.000000,32.6538639675374,10.6288888888889,13.362777777777778,0.46704317633096565
408,65,2013-06-11 09:43:45.000000,2013-06-11 19:25:21.000000,91.7670301746211,9.69361111111111,14.09388888888889,0.6285941293045123
409,65,2013-06-12 09:30:59.000000,2013-06-12 20:48:24.000000,73.7948808769455,11.2905555555556,12.106111111111112,0.18936213102233196
410,65,2013-06-13 08:54:46.000000,2013-06-13 21:07:13.000000,66.9687079943794,12.2077777777778,12.464722222222223,0.26860311897402217
412,65,2013-06-17 08:52:04.000000,2013-06-17 18:35:34.000000,70.3735755591295,9.72527777777778,15.243611111111111,0.8826440511728666
413,65,2013-06-18 09:50:11.000000,2013-06-18 19:13:07.000000,62.1162798226474,9.3825,13.616111111111111,0.5230213180907964
414,65,2013-06-19 08:50:05.000000,2013-06-19 19:49:02.000000,70.2941492267772,10.9827777777778,13.789444444444445,0.5613221519264702
415,65,2013-06-20 09:36:24.000000,2013-06-20 19:38:55.000000,87.0389030401865,10.0422222222222,13.063611111111111,0.40093741023958673
417,65,2013-06-24 08:11:26.000000,2013-06-24 20:56:18.000000,97.9715902164619,12.7480555555556,12.691944444444445,0.31881158384194047
418,65,2013-06-25 09:37:49.000000,2013-06-25 20:36:20.000000,61.7494293288645,10.9755555555556,12.132222222222222,0.19513180791424406
419,65,2013-06-26 08:44:16.000000,2013-06-26 20:26:10.000000,74.9869733377558,11.6986111111111,13.248055555555556,0.44169342573139336
420,65,2013-06-27 09:41:03.000000,2013-06-27 19:07:31.000000,88.5969047410246,9.44138888888889,13.653888888888888,0.5313689357216481
422,65,2013-07-01 09:43:45.000000,2013-07-01 19:24:00.000000,91.7551303232505,9.67111111111111,14.320833333333333,0.6787412146310271
423,65,2013-07-02 09:43:15.000000,2013-07-02 20:04:15.000000,72.6300165051148,10.3502777777778,12.899722222222222,0.3647234808116259
426,65,2013-07-08 08:45:39.000000,2013-07-08 20:30:39.000000,78.0271620754055,11.7502777777778,13.2625,0.4448851618843659
554,66,2013-06-11 07:18:43.000000,2013-06-11 20:18:18.000000,57.1592781931585,12.9933333333333,12.899444444444445,0.36466210127022275
555,66,2013-06-12 09:12:16.000000,2013-06-12 18:42:24.000000,26.9679369114232,9.5025,13.448611111111111,0.48600945462459255
556,66,2013-06-13 08:09:19.000000,2013-06-13 18:26:02.000000,47.5895180427094,10.2788888888889,13.0325,0.39406290160241464
558,66,2013-06-17 08:45:06.000000,2013-06-17 17:28:08.000000,45.7431564560278,8.7175,14.301944444444445,0.6745674058156013
559,66,2013-06-18 07:46:15.000000,2013-06-18 20:54:10.000000,58.3300604472973,13.1322222222222,11.497222222222222,0.05481817626624742
560,66,2013-06-19 08:24:00.000000,2013-06-19 18:12:24.000000,28.1310913813586,9.80694444444444,13.80861111111111,0.5655573402832992
561,66,2013-06-20 08:00:55.000000,2013-06-20 19:10:47.000000,47.6117740627673,11.1647222222222,12.009166666666667,0.16794067107257218
563,66,2013-06-24 08:45:12.000000,2013-06-24 16:42:34.000000,43.0999520414028,7.95638888888889,14.591666666666667,0.7385862674992673
564,66,2013-06-25 07:18:04.000000,2013-06-25 20:35:30.000000,57.1254168505048,13.2908333333333,11.28138888888889,0.007126272595865546
565,66,2013-06-26 07:52:23.000000,2013-06-26 18:47:08.000000,41.2433445415382,10.9127777777778,12.846388888888889,0.352938608862188
566,66,2013-06-27 07:37:55.000000,2013-06-27 18:04:55.000000,57.10628175497,10.4502777777778,15.447777777777778,0.9277580141043094
428,67,2013-06-12 07:05:20.000000,2013-06-12 21:28:53.000000,65.7020709942167,14.3927777777778,11.661666666666667,0.0911548647770149
429,67,2013-06-13 09:08:35.000000,2013-06-13 21:02:55.000000,62.068896118595,11.9058333333333,9.934166666666666,-0.2905645032102519
431,67,2013-06-17 07:35:24.000000,2013-06-17 19:54:50.000000,76.4672368826515,12.3241666666667,11.606388888888889,0.07894033603775345
432,67,2013-06-18 07:31:13.000000,2013-06-18 22:03:27.000000,51.9143415129078,14.5375,10.531666666666666,-0.15853710965170378
433,67,2013-06-19 08:35:21.000000,2013-06-19 21:34:47.000000,53.6984589722672,12.9908333333333,11.528888888888888,0.061815443986226175
435,68,2013-06-11 19:13:16.000000,2013-06-11 21:15:01.000000,43.3034375794235,2.02944444444444,12.151111111111112,0.1993056167296703
436,68,2013-06-12 09:24:05.000000,2013-06-12 22:30:42.000000,132.921153609316,13.1105555555556,10.684722222222222,-0.12471698233847275
437,68,2013-06-13 09:11:47.000000,2013-06-13 19:48:02.000000,121.919361570663,10.6044444444444,13.233333333333333,0.43844031003701694
439,68,2013-06-17 09:41:09.000000,2013-06-17 23:06:52.000000,126.000623209296,13.4288888888889,10.084166666666667,-0.2574195508524573
440,68,2013-06-18 09:11:55.000000,2013-06-18 22:11:00.000000,114.196740622065,12.985,11.363888888888889,0.025355996392652423
441,68,2013-06-19 09:32:50.000000,2013-06-19 22:34:42.000000,133.508622630008,13.0313888888889,10.543611111111112,-0.15589778937136067
442,68,2013-06-20 09:07:19.000000,2013-06-20 19:51:15.000000,121.950578963612,10.7325,13.033055555555556,0.3941856606852213
444,68,2013-06-24 09:47:53.000000,2013-06-24 23:11:12.000000,123.971595267844,13.3888888888889,9.985,-0.2793320471334438
445,68,2013-06-25 09:10:18.000000,2013-06-25 15:35:59.000000,60.7550872432372,6.42833333333333,15.79138888888889,1.00368450682022
446,68,2013-06-26 07:23:28.000000,2013-06-26 21:21:11.000000,200.891040103146,13.9622222222222,11.896666666666667,0.14308195680422614
447,68,2013-06-27 09:14:59.000000,2013-06-27 21:54:05.000000,74.6779769443098,12.6519444444444,13.9,0.5857512094049927
450,68,2013-07-02 20:16:19.000000,2013-07-02 22:25:51.000000,43.6225237778388,2.15916666666667,10.725277777777778,-0.11575556929358735
452,70,2013-06-13 09:18:46.000000,2013-06-13 16:52:10.000000,17.3288665012028,7.55694444444444,14.505,0.7194358505814306
454,70,2013-06-17 07:25:27.000000,2013-06-17 16:55:15.000000,20.276257322544,9.49694444444444,14.489444444444445,0.7159985962628443
455,70,2013-06-18 07:24:37.000000,2013-06-18 16:47:26.000000,21.7178468710245,9.38055555555556,16.098055555555554,1.0714475205294882
456,70,2013-06-19 08:53:19.000000,2013-06-19 15:54:03.000000,25.8062677850808,7.0125,17.401666666666667,1.3595017083352843
457,70,2013-06-20 09:18:09.000000,2013-06-20 16:50:42.000000,22.0203550894396,7.54277777777778,14.712222222222222,0.7652249884683093
459,70,2013-06-24 07:19:44.000000,2013-06-24 16:53:38.000000,20.6338923951956,9.56527777777778,14.5275,0.7244075934350995
460,70,2013-06-25 07:25:17.000000,2013-06-25 19:12:40.000000,23.2558453236432,11.79,13.73611111111111,0.549537279977032
461,70,2013-06-26 08:56:50.000000,2013-06-26 17:40:25.000000,24.1577414792984,8.72666666666667,15.631944444444445,0.9684526500547125
462,70,2013-06-27 09:18:20.000000,2013-06-27 17:07:47.000000,18.132400195126,7.82444444444444,14.339166666666667,0.6827922643636467
464,70,2013-07-01 07:19:31.000000,2013-07-01 16:44:44.000000,17.5053746604751,9.42055555555556,14.70111111111111,0.7627698068121764
465,70,2013-07-02 07:26:48.000000,2013-07-02 16:40:26.000000,25.3533895794702,9.2275,16.148333333333333,1.08255721752349
468,70,2013-07-08 07:22:34.000000,2013-07-08 17:07:21.000000,22.113320213334,9.74666666666667,14.385277777777778,0.6929812682365983
469,70,2013-07-09 07:30:28.000000,2013-07-09 17:09:49.000000,21.7879378148827,9.65611111111111,15.712777777777777,0.9863140966030793
472,71,2013-06-17 08:34:32.000000,2013-06-17 20:21:59.000000,67.765436738258,11.7911111111111,12.808055555555555,0.34446823214852923
473,71,2013-06-18 09:10:28.000000,2013-06-18 20:11:59.000000,54.8804540062898,11.0255555555556,12.473055555555556,0.27044450521612173
474,71,2013-06-19 08:40:22.000000,2013-06-19 19:40:39.000000,50.8705633033651,11.005,13.738055555555556,0.5499669367668554
475,71,2013-06-20 09:24:56.000000,2013-06-20 18:47:41.000000,59.3319158081532,9.37944444444445,13.491388888888888,0.4954619040007042
477,71,2013-06-24 08:49:38.000000,2013-06-24 19:46:12.000000,67.8549031946455,10.9430555555556,13.170277777777779,0.42450715413846296
478,71,2013-06-25 08:56:25.000000,2013-06-25 20:13:42.000000,60.3759459206674,11.2883333333333,12.7975,0.342135809575203
479,71,2013-06-26 09:01:33.000000,2013-06-26 20:23:29.000000,53.5919817970357,11.3658333333333,13.593333333333334,0.517988195695724
480,71,2013-06-27 09:59:05.000000,2013-06-27 21:47:51.000000,66.7172899857628,11.8130555555556,11.032777777777778,-0.04780841696010881
482,71,2013-07-01 08:47:30.000000,2013-07-01 21:18:46.000000,69.9353836158434,12.5213888888889,12.30888888888889,0.2341691962467578
483,71,2013-07-02 09:37:18.000000,2013-07-02 20:08:31.000000,54.9787345787495,10.5205555555556,12.323888888888888,0.23748369148253698
486,71,2013-07-08 09:08:00.000000,2013-07-08 19:28:12.000000,67.9179017277394,10.3369444444444,13.393055555555556,0.47373354634392795
487,71,2013-07-09 08:51:47.000000,2013-07-09 20:28:34.000000,64.0507076256046,11.6133333333333,12.251388888888888,0.2214636311762697
490,72,2013-06-17 07:41:02.000000,2013-06-17 23:16:11.000000,58.8180965990424,15.5861111111111,9.224722222222223,-0.44732785195433894
491,72,2013-06-18 08:29:40.000000,2013-06-18 20:51:45.000000,58.7096068985293,12.3683333333333,12.577777777777778,0.2935845923251745
492,72,2013-06-19 09:26:25.000000,2013-06-19 23:08:11.000000,62.8354384960747,13.6963888888889,9.856944444444444,-0.3076280157203756
493,72,2013-06-20 08:59:36.000000,2013-06-20 22:48:19.000000,63.5747359732623,13.8122222222222,9.802777777777777,-0.31959702629402376
495,72,2013-06-24 09:02:58.000000,2013-06-24 23:25:20.000000,61.2969678073224,14.3730555555556,9.48,-0.390920053404685
496,72,2013-06-25 08:54:08.000000,2013-06-25 22:57:50.000000,61.6009533262451,14.0619444444444,10.086666666666666,-0.2568671349798275
497,72,2013-06-26 09:03:02.000000,2013-06-26 21:25:37.000000,62.7218548864579,12.3766666666667,11.605277777777777,0.07869481787214012
498,72,2013-06-27 09:01:56.000000,2013-06-27 23:26:48.000000,62.9227579586403,14.4147222222222,0.7372222222222222,-2.3227797395328773
500,72,2013-07-01 08:44:48.000000,2013-07-01 23:27:01.000000,57.6851432306745,14.7038888888889,0.7961111111111111,-2.3097672767553727
501,72,2013-07-02 00:14:47.000000,2013-07-02 22:20:13.000000,61.0221251637489,22.0908333333333,10.266111111111112,-0.21721595123328044
504,72,2013-07-08 08:43:33.000000,2013-07-08 22:27:20.000000,57.4481466540756,13.73,1.5555555555555556,-2.1419556105586874
505,72,2013-07-09 00:00:40.000000,2013-07-09 23:05:23.000000,62.3350578757304,23.0788888888889,9.787222222222223,-0.3230342806126096
508,75,2013-06-17 10:01:02.000000,2013-06-17 17:34:02.000000,66.3138547476318,7.55027777777778,16.128055555555555,1.0780765110010475
509,75,2013-06-18 09:41:43.000000,2013-06-18 18:00:06.000000,68.5929425464058,8.30666666666667,15.852222222222222,1.0171266263875476
510,75,2013-06-19 09:51:14.000000,2013-06-19 18:22:04.000000,68.6374324350646,8.51416666666667,15.211944444444445,0.8756467834528878
511,75,2013-06-20 09:34:47.000000,2013-06-20 17:49:51.000000,78.6966935461178,8.25138888888889,15.591388888888888,0.9594912370098271
513,75,2013-06-24 10:03:52.000000,2013-06-24 17:41:02.000000,64.3910560879999,7.61972222222222,16.02638888888889,1.0556115988474313
514,75,2013-06-25 09:42:37.000000,2013-06-25 18:17:35.000000,71.3175358957019,8.58305555555556,15.675833333333333,0.9781506175964374
515,75,2013-06-26 09:58:08.000000,2013-06-26 19:07:38.000000,66.6730862826876,9.15861111111111,14.7825,0.7807540124433504
516,75,2013-06-27 09:54:35.000000,2013-06-27 18:40:56.000000,87.5446893126835,8.77277777777778,15.21888888888889,0.877181271987971
518,75,2013-07-01 09:33:00.000000,2013-07-01 18:20:31.000000,72.3272786785759,8.79222222222222,15.056111111111111,0.8412128607256235
519,75,2013-07-02 09:23:53.000000,2013-07-02 19:35:41.000000,73.2132360234314,10.1969444444444,13.678055555555556,0.5367089558237376
522,75,2013-07-08 10:13:09.000000,2013-07-08 17:50:50.000000,64.1655724857452,7.62833333333333,15.635,0.9691278250101489
523,75,2013-07-09 09:28:56.000000,2013-07-09 18:18:13.000000,71.897190879726,8.82166666666667,15.469166666666666,0.932484238792365
526,76,2013-06-17 08:02:58.000000,2013-06-17 20:37:02.000000,68.3293104998255,12.5680555555556,11.278333333333334,0.0064510976404290815
527,76,2013-06-18 07:53:44.000000,2013-06-18 17:49:18.000000,86.4246546181866,9.92638888888889,15.11888888888889,0.8550846370827747
528,76,2013-06-19 08:56:26.000000,2013-06-19 17:27:32.000000,79.4756469339171,8.51861111111111,14.630277777777778,0.7471180237543291
529,76,2013-06-20 08:05:21.000000,2013-06-20 17:54:03.000000,76.386598203715,9.81194444444444,14.029166666666667,0.6142926961575379
531,76,2013-06-24 07:58:53.000000,2013-06-24 17:36:36.000000,67.6806940100404,9.62888888888889,14.525833333333333,0.7240393161866796
532,76,2013-06-25 08:08:09.000000,2013-06-25 18:43:24.000000,88.9575416449634,10.5877777777778,14.471666666666666,0.7120703056130314
533,76,2013-06-26 09:11:42.000000,2013-06-26 17:11:29.000000,51.1374173116703,7.99666666666667,15.115833333333333,0.8544094621273379
534,76,2013-06-27 08:18:26.000000,2013-06-27 17:38:40.000000,77.4476071558997,9.3375,14.78138888888889,0.780508494277737
536,76,2013-07-01 08:10:05.000000,2013-07-01 18:12:28.000000,66.9510722325958,10.04,13.801944444444445,0.5640842312896196
537,76,2013-07-02 08:00:35.000000,2013-07-02 21:22:29.000000,113.72136533136,13.3652777777778,10.91611111111111,-0.07358782434950463
540,76,2013-07-08 08:07:05.000000,2013-07-08 20:05:33.000000,69.0388687618529,11.9747222222222,12.090555555555556,0.18592487670374572
541,76,2013-07-09 08:10:59.000000,2013-07-09 18:35:03.000000,85.4760405936658,10.4013888888889,14.682777777777778,0.7587187570795573
544,77,2013-06-17 10:03:57.000000,2013-06-17 19:52:20.000000,35.2082814234497,9.80666666666667,13.535277777777777,0.5051598715424293
545,77,2013-06-18 09:24:27.000000,2013-06-18 21:04:05.000000,35.8609640330856,11.6608333333333,12.18361111111111,0.20648702307385886
546,77,2013-06-19 09:15:06.000000,2013-06-19 21:55:20.000000,60.9920193196727,12.6708333333333,11.632222222222222,0.08464863338826242
547,77,2013-06-20 09:33:16.000000,2013-06-20 22:36:50.000000,61.3301278604193,13.0597222222222,10.388055555555555,-0.1902703325572219
549,77,2013-06-24 09:39:04.000000,2013-06-24 17:40:49.000000,27.1248492520503,8.02944444444444,15.721388888888889,0.9882168623865825
550,77,2013-06-25 09:24:06.000000,2013-06-25 19:43:33.000000,32.3248277715829,10.3244444444444,14.973888888888888,0.8230445164702398
552,77,2013-07-09 14:37:34.000000,2013-07-09 19:50:04.000000,57.2441690586607,5.20861111111111,14.03138888888889,0.6147837324887646
43,102,2013-09-10 09:00:52.000000,2013-09-10 17:50:58.000000,44.5673238898368,8.83527777777778,16.24638888888889,1.1042241956388636
44,102,2013-09-11 10:05:45.000000,2013-09-11 18:42:01.000000,53.553442340933,8.60472222222222,15.375277777777777,0.9117379537980417
45,102,2013-09-12 10:04:32.000000,2013-09-12 17:49:17.000000,46.5665830318788,7.74611111111111,16.310833333333335,1.1184642492444345
47,102,2013-09-16 09:30:06.000000,2013-09-16 18:48:05.000000,57.9775821697317,9.3,15.36138888888889,0.9086689767278757
48,102,2013-09-17 10:09:46.000000,2013-09-17 18:17:19.000000,48.3416883390814,8.12611111111111,15.809166666666666,1.0076127974700324
49,102,2013-09-18 10:05:52.000000,2013-09-18 23:29:35.000000,52.6400708613221,13.3955555555556,1.9613888888888888,-2.0522801005684324
50,102,2013-09-19 01:27:16.000000,2013-09-19 22:37:34.000000,35.2055818211145,21.1719444444444,1.8663888888888889,-2.073271903728369
51,102,2013-09-20 00:29:33.000000,2013-09-20 17:32:57.000000,32.3196748870766,17.0569444444444,15.677777777777777,0.9785802743862606
53,102,2013-09-23 08:23:27.000000,2013-09-23 16:11:24.000000,50.8151603415361,7.79944444444444,16.00611111111111,1.0511308923249885
54,102,2013-09-24 08:11:46.000000,2013-09-24 17:46:51.000000,37.1949526988197,9.585,14.5675,0.7332462473971784
55,102,2013-09-25 08:20:54.000000,2013-09-25 18:32:13.000000,45.5324209634146,10.1888888888889,13.679166666666667,0.5369544739893508
57,103,2013-09-10 07:38:01.000000,2013-09-10 19:29:58.000000,35.1168256587144,11.8661111111111,12.314166666666667,0.23533540753342092
58,103,2013-09-11 07:48:49.000000,2013-09-11 19:16:36.000000,35.9559007358025,11.4633333333333,15.030555555555555,0.8355659429165176
59,103,2013-09-12 10:18:26.000000,2013-09-12 18:50:27.000000,30.2038325403319,8.53388888888889,15.363333333333333,0.9090986335176989
60,103,2013-09-13 10:12:15.000000,2013-09-13 20:33:52.000000,31.0019661776881,10.3605555555556,13.839166666666667,0.572309089837665
62,103,2013-09-16 07:38:22.000000,2013-09-16 18:50:00.000000,34.9755666819517,11.1941666666667,15.630833333333333,0.9682071318890991
63,103,2013-09-17 10:27:51.000000,2013-09-17 17:40:11.000000,38.7596068514846,7.20583333333333,13.764722222222222,0.5558593727415742
64,103,2013-09-18 07:26:04.000000,2013-09-18 19:56:15.000000,29.8219627774293,12.5033333333333,11.46888888888889,0.048557463043108665
65,103,2013-09-19 07:24:23.000000,2013-09-19 19:44:31.000000,30.4591843200315,12.3358333333333,11.801111111111112,0.12196739456148323
66,103,2013-09-20 07:32:35.000000,2013-09-20 20:04:15.000000,28.1250584822353,12.5280555555556,13.785277777777777,0.56040145880542
68,103,2013-09-23 07:26:25.000000,2013-09-23 12:45:39.000000,22.9055873162252,5.32083333333333,21.480833333333333,2.2608602738430843
69,103,2013-09-24 10:14:30.000000,2013-09-24 17:59:50.000000,23.0942064108633,7.75583333333333,13.685277777777777,0.5383048239002238
70,103,2013-09-25 07:40:57.000000,2013-09-25 18:53:35.000000,45.2337696360425,11.2108333333333,15.422777777777778,0.9222338553780102
72,104,2013-09-10 07:37:39.000000,2013-09-10 17:53:06.000000,47.5717929911496,10.2577777777778,14.251388888888888,0.6633963292801962
73,104,2013-09-11 08:08:11.000000,2013-09-11 19:57:48.000000,46.2845832318429,11.8272222222222,11.596666666666666,0.07679205208863701
74,104,2013-09-12 07:33:36.000000,2013-09-12 18:22:59.000000,45.8591255157276,10.8233333333333,11.248888888888889,-5.513374832340263e-05
75,104,2013-09-13 05:37:55.000000,2013-09-13 20:05:44.000000,12.8478526571055,14.4638888888889,14.155833333333334,0.6422817670374533
77,104,2013-09-16 10:17:40.000000,2013-09-16 17:52:26.000000,52.7306867171336,7.57972222222222,16.48888888888889,1.1578085352839647
78,104,2013-09-17 10:21:46.000000,2013-09-17 19:15:16.000000,45.3499826548402,8.89194444444444,14.856388888888889,0.7970809704566342
79,104,2013-09-18 10:06:39.000000,2013-09-18 18:31:14.000000,46.3373614775085,8.41,15.73638888888889,0.991531357622362
80,104,2013-09-19 10:15:25.000000,2013-09-19 22:43:14.000000,47.652366083383,12.4638888888889,9.678888888888888,-0.34697230175990584
81,104,2013-09-20 08:23:58.000000,2013-09-20 19:14:16.000000,49.0042639307473,10.8386111111111,15.320555555555556,0.8996461841415873
83,104,2013-09-23 08:23:36.000000,2013-09-23 17:54:31.000000,50.3508321898199,9.51555555555556,16.213333333333335,1.096920030211868
84,104,2013-09-24 10:07:19.000000,2013-09-24 18:00:30.000000,40.038409581916,7.88666666666667,14.163055555555555,0.6438776351139396
85,104,2013-09-25 08:10:17.000000,2013-09-25 20:15:16.000000,45.9096874255599,12.0833333333333,11.9575,0.15652407637155386
87,105,2013-09-10 07:49:44.000000,2013-09-10 18:08:08.000000,59.17414241348,10.3069444444444,13.764444444444445,0.5557979932001711
88,105,2013-09-11 07:54:00.000000,2013-09-11 19:54:42.000000,77.8785493613055,12.0119444444444,12.046944444444444,0.17628828870342386
89,105,2013-09-12 07:57:31.000000,2013-09-12 20:14:26.000000,42.9949257328759,12.2822222222222,11.735833333333334,0.1075432023317022
90,105,2013-09-13 07:58:35.000000,2013-09-13 19:42:03.000000,52.4616456092331,11.7247222222222,13.403888888888888,0.47612734845865734
92,105,2013-09-24 07:51:51.000000,2013-09-24 19:39:53.000000,56.6627290957341,11.8008333333333,12.28,0.22778572394081198
93,105,2013-09-25 07:56:41.000000,2013-09-25 19:33:22.000000,52.4949743547217,11.6116666666667,12.410833333333333,0.25669548794177716
199,106,2013-09-11 09:31:30.000000,2013-09-11 18:29:12.000000,18.8581391801846,8.96194444444444,11.89638888888889,0.14302057726282302
200,106,2013-09-12 06:22:59.000000,2013-09-12 18:17:34.000000,35.1750695054206,11.91,13.679444444444444,0.537015853530754
95,107,2013-09-10 07:28:03.000000,2013-09-10 18:46:55.000000,43.0590973762663,11.3147222222222,13.086388888888889,0.4059705326346592
96,107,2013-09-11 07:52:06.000000,2013-09-11 18:38:59.000000,43.2870107493628,10.7816666666667,13.10388888888889,0.4098374437430686
98,108,2013-09-12 00:23:51.000000,2013-09-12 21:40:00.000000,46.572618167841,21.2694444444444,9.954722222222221,-0.286022417146406
99,108,2013-09-13 07:37:17.000000,2013-09-13 19:14:13.000000,41.5462621918608,11.6158333333333,13.9375,0.5940374474944413
101,108,2013-09-16 07:52:12.000000,2013-09-16 18:55:35.000000,37.5163048037344,11.0566666666667,12.324722222222222,0.23766783010674716
102,108,2013-09-17 07:15:04.000000,2013-09-17 19:11:48.000000,40.6963085425693,11.9458333333333,12.346944444444444,0.24257819341901302
103,108,2013-09-18 07:32:37.000000,2013-09-18 19:12:45.000000,43.1712380769718,11.6691666666667,12.399722222222222,0.25424030628564426
104,108,2013-09-19 07:36:44.000000,2013-09-19 19:21:02.000000,47.9902664786012,11.7386111111111,12.24388888888889,0.21980638355838028
106,108,2013-09-23 07:59:39.000000,2013-09-23 15:50:01.000000,27.3096807946339,7.83972222222222,15.835833333333333,1.0135052334447516
107,108,2013-09-24 07:40:10.000000,2013-09-24 18:45:11.000000,39.0685173823277,11.0838888888889,12.854722222222222,0.3547799951042876
108,108,2013-09-25 07:36:28.000000,2013-09-25 18:54:26.000000,41.6671417740286,11.2997222222222,12.703055555555556,0.32126676549807337
110,109,2013-09-11 08:16:22.000000,2013-09-11 23:33:46.000000,42.0189609168018,15.2902777777778,1.0750000000000002,-2.2481422171864365
111,109,2013-09-12 00:38:16.000000,2013-09-12 18:35:37.000000,96.5877319967139,17.9561111111111,13.686111111111112,0.538488962524434
113,109,2013-09-16 08:12:49.000000,2013-09-16 18:44:55.000000,55.5467327963796,10.5352777777778,13.483611111111111,0.4937432768414113
114,109,2013-09-17 08:13:56.000000,2013-09-17 18:59:39.000000,38.2502977255079,10.7622222222222,13.278333333333334,0.44838379574435566
115,109,2013-09-18 08:16:21.000000,2013-09-18 18:17:20.000000,42.2214629593298,10.0166666666667,13.519444444444444,0.5016612376824399
116,109,2013-09-19 07:48:30.000000,2013-09-19 18:26:47.000000,38.5433769655606,10.6383333333333,13.752777777777778,0.5532200524612315
118,109,2013-09-23 08:15:01.000000,2013-09-23 18:43:03.000000,43.0612978521179,10.4675,13.533611111111112,0.5047915942940097
119,109,2013-09-24 08:15:04.000000,2013-09-24 18:25:16.000000,35.4506703420416,10.1702777777778,13.7325,0.5487393459387888
120,109,2013-09-25 08:09:13.000000,2013-09-25 18:20:05.000000,41.1480243073941,10.1813888888889,13.893611111111111,0.5843394799527163
122,110,2013-09-11 08:05:45.000000,2013-09-11 23:49:18.000000,45.4309511760975,15.7261111111111,8.16777777777778,-0.6808770069939832
123,110,2013-09-12 07:59:22.000000,2013-09-12 18:44:54.000000,42.1204628069315,10.7591666666667,13.210833333333333,0.433468567183348
125,110,2013-09-16 07:56:03.000000,2013-09-16 20:22:16.000000,29.7574201263392,12.4372222222222,11.586666666666666,0.07458238859811742
126,110,2013-09-17 07:57:28.000000,2013-09-17 18:41:23.000000,24.9663376674878,10.7322222222222,13.253333333333334,0.4428596370180565
127,110,2013-09-18 07:56:35.000000,2013-09-18 18:52:13.000000,54.2372727999745,10.9275,13.25611111111111,0.4434734324320894
128,110,2013-09-19 08:07:35.000000,2013-09-19 18:31:41.000000,42.3067138150006,10.4019444444444,13.58,0.5150419777083644
129,110,2013-09-20 08:06:29.000000,2013-09-20 18:47:27.000000,50.978873774387,10.6830555555556,15.653333333333334,0.9731788747427684
131,110,2013-09-23 07:48:20.000000,2013-09-23 20:07:48.000000,34.2314437665113,12.3247222222222,11.910833333333333,0.14621231341579552
132,110,2013-09-24 08:02:27.000000,2013-09-24 18:49:34.000000,49.3947042121624,10.7855555555556,15.035833333333333,0.8367321542031808
133,110,2013-09-25 09:51:43.000000,2013-09-25 18:59:19.000000,50.4011474270413,9.12694444444444,13.131666666666666,0.4159753978834007
135,111,2013-09-11 09:51:08.000000,2013-09-11 21:29:34.000000,49.4053757053752,11.6408333333333,10.805833333333334,-0.0979555022866236
136,111,2013-09-12 08:17:55.000000,2013-09-12 19:21:37.000000,62.255372986001,11.0619444444444,14.574166666666667,0.734719356390858
138,111,2013-09-16 08:22:51.000000,2013-09-16 18:42:28.000000,57.8566384642155,10.3272222222222,15.115,0.8542253235031281
139,111,2013-09-17 09:49:22.000000,2013-09-17 18:48:05.000000,37.9278522285022,8.97888888888889,15.09361111111111,0.849499098815072
140,111,2013-09-18 09:53:42.000000,2013-09-18 18:27:43.000000,44.2517650817555,8.56722222222222,15.415,0.9205152282187168
141,111,2013-09-19 09:52:37.000000,2013-09-19 17:39:39.000000,32.2260458117154,7.78416666666667,16.238611111111112,1.1025055684795704
143,111,2013-09-23 10:02:13.000000,2013-09-23 19:05:30.000000,44.8356666442515,9.055,14.861666666666666,0.7982471817432972
144,111,2013-09-24 09:57:12.000000,2013-09-24 19:27:22.000000,46.7638455456331,9.50305555555556,14.393333333333333,0.6947612749372943
145,111,2013-09-25 09:50:58.000000,2013-09-25 18:32:28.000000,45.1076340688495,8.69194444444445,15.298333333333334,0.8947358208293215
147,112,2013-09-11 08:09:09.000000,2013-09-11 22:20:57.000000,62.7119966669428,14.1969444444444,10.452222222222222,-0.1760916584930542
148,112,2013-09-12 08:48:05.000000,2013-09-12 21:12:55.000000,87.3903393924121,12.4141666666667,11.446666666666667,0.043647099730842825
150,112,2013-09-16 08:01:59.000000,2013-09-16 17:34:28.000000,37.0007564050544,9.54166666666667,14.304444444444444,0.675119821688231
151,112,2013-09-17 07:52:44.000000,2013-09-17 18:10:12.000000,71.3524962807255,10.2913888888889,13.934444444444445,0.5933622725390048
152,112,2013-09-18 08:06:16.000000,2013-09-18 18:05:19.000000,63.7092104640825,9.98444444444444,16.009722222222223,1.051928826363232
153,112,2013-09-19 10:05:54.000000,2013-09-19 21:59:23.000000,54.5958774746864,11.8916666666667,10.798333333333334,-0.0996127499045134
155,112,2013-09-23 08:04:20.000000,2013-09-23 13:07:37.000000,33.3059838060279,5.055,18.744444444444444,1.656210411478948
156,112,2013-09-24 07:52:17.000000,2013-09-24 18:16:14.000000,63.0433243005533,10.3994444444444,13.642222222222221,0.5287909949827085
157,112,2013-09-25 07:54:46.000000,2013-09-25 18:03:10.000000,68.1329336508624,10.1402777777778,6.5713888888888885,-1.0336252314388816
255,115,2013-09-12 07:53:22.000000,2013-09-12 19:36:29.000000,40.7464344478052,11.7188888888889,12.54888888888889,0.28720112001922904
257,115,2013-09-16 08:09:58.000000,2013-09-16 19:22:59.000000,42.8217710526659,11.2172222222222,12.653055555555556,0.31021844804547505
258,115,2013-09-17 08:02:10.000000,2013-09-17 19:16:20.000000,42.0961758524693,11.2363888888889,12.59388888888889,0.29714460572656737
259,115,2013-09-18 07:51:58.000000,2013-09-18 19:22:03.000000,40.0717380922949,11.5016666666667,13.291944444444445,0.4513913932731184
260,115,2013-09-19 08:39:34.000000,2013-09-19 19:14:23.000000,40.9960592260148,10.5805555555556,13.116388888888888,0.41259952310621795
262,115,2013-09-23 07:26:51.000000,2013-09-23 19:10:11.000000,40.6387134118293,11.7225,12.945277777777777,0.3747897256017709
263,115,2013-09-24 08:06:54.000000,2013-09-24 19:25:33.000000,37.8266236189203,11.3111111111111,12.577222222222222,0.2934618332423678
264,115,2013-09-25 08:00:11.000000,2013-09-25 19:28:46.000000,37.6886210620158,11.4766666666667,12.078611111111112,0.183285556423403
159,116,2013-09-11 09:56:54.000000,2013-09-11 22:56:22.000000,37.8577105723963,12.9913888888889,9.179166666666667,-0.45739409674448395
160,116,2013-09-12 08:07:07.000000,2013-09-12 20:20:18.000000,33.8422256034055,12.22,11.786111111111111,0.11865289932570365
162,116,2013-09-16 09:52:32.000000,2013-09-16 18:42:10.000000,37.9987159536796,8.8275,15.273888888888889,0.889334421185829
163,116,2013-09-17 09:58:36.000000,2013-09-17 18:54:35.000000,45.1072464794075,8.93333333333333,13.16,0.42223611110653986
164,116,2013-09-18 08:04:11.000000,2013-09-18 20:11:42.000000,39.4788662331313,12.1255555555556,13.699166666666667,0.54137380097039
165,116,2013-09-19 09:53:39.000000,2013-09-19 18:35:59.000000,42.3543064025943,8.70583333333333,15.340555555555556,0.9040655111226265
167,116,2013-09-23 10:09:44.000000,2013-09-23 18:57:53.000000,35.091660233145,8.80277777777778,13.259444444444444,0.44420998692892943
168,116,2013-09-24 08:13:27.000000,2013-09-24 15:58:40.000000,27.4329773831577,7.75388888888889,16.201666666666668,1.0943420894729283
169,116,2013-09-25 08:10:46.000000,2013-09-25 18:21:06.000000,33.5805272420725,10.1725,15.578888888888889,0.9567291576466777
171,117,2013-09-10 08:36:36.000000,2013-09-10 21:13:54.000000,102.808317850125,12.6219444444444,11.069166666666666,-0.03976769703627359
172,117,2013-09-11 08:18:03.000000,2013-09-11 18:01:29.000000,84.0302014696515,9.72416666666667,14.540833333333333,0.7273538114224591
173,117,2013-09-12 08:33:56.000000,2013-09-12 19:56:52.000000,80.6422824810207,11.3825,12.286111111111111,0.2291360738516853
175,117,2013-09-16 08:25:14.000000,2013-09-16 18:05:31.000000,80.5679918870443,9.67166666666667,14.19361111111111,0.650629384668305
176,117,2013-09-17 08:17:08.000000,2013-09-17 21:19:58.000000,104.273135515178,13.0475,10.921666666666667,-0.07236023352143797
177,117,2013-09-18 08:15:16.000000,2013-09-18 17:39:54.000000,81.5215115005024,9.41083333333333,14.526944444444444,0.724284834352293
178,117,2013-09-19 08:11:31.000000,2013-09-19 23:06:38.000000,102.941019858275,14.9188888888889,9.330555555555556,-0.4239422466796729
180,117,2013-09-23 08:25:13.000000,2013-09-23 18:38:37.000000,92.4442383629916,10.2236111111111,13.671388888888888,0.5352358468300575
181,117,2013-09-24 08:18:54.000000,2013-09-24 21:34:01.000000,112.876055677293,13.2522222222222,10.660555555555556,-0.1300570024405617
182,117,2013-09-25 08:13:39.000000,2013-09-25 18:01:27.000000,92.7812698640475,9.79694444444444,6.435,-1.0637625862679134
184,118,2013-09-10 08:33:43.000000,2013-09-10 18:30:51.000000,72.7186621310197,9.9525,13.941944444444445,0.5950195201568946
185,118,2013-09-11 08:27:22.000000,2013-09-11 19:09:08.000000,68.1405409369122,10.6963888888889,13.305833333333334,0.4544603703432846
186,118,2013-09-12 08:27:29.000000,2013-09-12 18:42:22.000000,61.7127585783969,10.2483333333333,13.767222222222221,0.556411788614204
187,118,2013-09-13 08:28:24.000000,2013-09-13 21:11:19.000000,42.0791015114415,12.7155555555556,12.317777777777778,0.23613334157166405
189,118,2013-09-16 08:33:45.000000,2013-09-16 19:06:11.000000,71.0364205496306,10.5408333333333,13.248333333333333,0.4417548052727965
190,118,2013-09-17 08:21:05.000000,2013-09-17 18:35:21.000000,60.7714432178811,10.2380555555556,13.615,0.5227757999251832
191,118,2013-09-18 08:12:15.000000,2013-09-18 18:49:58.000000,60.8547945362125,10.6288888888889,14.296666666666667,0.6734011945289381
192,118,2013-09-19 09:07:46.000000,2013-09-19 23:58:49.000000,69.467932021358,14.8511111111111,1.038888888888889,-2.2561215575688682
193,118,2013-09-20 01:01:09.000000,2013-09-20 19:38:15.000000,69.5769151296218,18.6186111111111,13.838055555555556,0.5720635716720517
195,118,2013-09-23 08:22:06.000000,2013-09-23 18:46:36.000000,76.0481456046737,10.4086111111111,13.446666666666667,0.4855797978347694
196,118,2013-09-24 08:13:24.000000,2013-09-24 19:45:23.000000,70.2524931776994,11.5333333333333,5.191111111111111,-1.3386201726719944
197,118,2013-09-25 00:56:51.000000,2013-09-25 18:53:58.000000,65.1514605340678,17.9522222222222,14.238611111111112,0.6605728703756437
203,119,2013-09-10 10:35:23.000000,2013-09-10 18:40:49.000000,47.9793728998213,8.09083333333333,15.673333333333334,0.9775982017238076
204,119,2013-09-11 10:21:13.000000,2013-09-11 19:07:06.000000,48.1846009161243,8.765,15.11888888888889,0.8550846370827747
205,119,2013-09-12 10:14:14.000000,2013-09-12 18:21:41.000000,36.215147167098,8.12444444444444,15.967222222222222,1.0425377565285234
207,119,2013-09-16 10:27:07.000000,2013-09-16 13:39:15.000000,19.3143013009581,3.2025,20.77027777777778,2.103851406933384
208,119,2013-09-17 10:25:28.000000,2013-09-17 19:16:37.000000,42.5320377043692,8.85277777777778,14.86111111111111,0.7981244226604906
209,119,2013-09-18 10:08:17.000000,2013-09-18 18:58:18.000000,37.8866250489515,8.83388888888889,15.3575,0.9078096631482291
210,119,2013-09-19 10:19:45.000000,2013-09-19 22:36:16.000000,39.9182343703543,12.2755555555556,1.8875,-2.0686070585817165
212,119,2013-09-23 10:12:10.000000,2013-09-23 18:35:19.000000,31.7581133367435,8.38611111111111,15.72638888888889,0.9893216941318425
213,119,2013-09-24 10:18:54.000000,2013-09-24 18:54:40.000000,38.5489486628373,8.59638888888889,15.765555555555556,0.997976209469711
214,119,2013-09-25 10:40:36.000000,2013-09-25 19:17:38.000000,43.6005626397184,8.6175,15.006944444444445,0.8303486818972354
216,120,2013-09-10 08:23:31.000000,2013-09-10 19:11:00.000000,44.3992892411612,10.7916666666667,14.959722222222222,0.8199141598586703
217,120,2013-09-11 10:08:35.000000,2013-09-11 19:11:57.000000,39.6730474031595,9.05638888888889,15.006666666666666,0.8302873023558318
218,120,2013-09-12 10:12:21.000000,2013-09-12 19:19:47.000000,44.990825632258,9.12416666666667,14.400833333333333,0.6964185225551842
219,120,2013-09-13 09:43:50.000000,2013-09-13 20:33:39.000000,36.9466417892269,10.8305555555556,12.4075,0.2559589334449376
221,120,2013-09-16 10:07:59.000000,2013-09-16 23:42:58.000000,43.6031556085924,13.5833333333333,2.0997222222222223,-2.0217130889495776
222,120,2013-09-17 01:48:57.000000,2013-09-17 20:16:50.000000,29.0196757279991,18.465,11.782222222222222,0.11779358574605699
223,120,2013-09-18 08:03:46.000000,2013-09-18 23:27:48.000000,111.01041605138,15.4008333333333,7.976944444444444,-0.7230447519380666
224,120,2013-09-19 07:26:25.000000,2013-09-19 19:15:54.000000,39.6519780210748,11.825,13.289444444444445,0.45083897740048856
225,120,2013-09-20 08:33:16.000000,2013-09-20 20:11:42.000000,41.8158167641341,11.6408333333333,12.914444444444445,0.36797659650600234
227,120,2013-09-23 09:57:17.000000,2013-09-23 19:15:25.000000,50.6268378080148,9.3025,14.784722222222221,0.7812450487745767
228,120,2013-09-24 10:02:30.000000,2013-09-24 19:14:34.000000,39.6523755705835,9.20138888888889,6.192777777777778,-1.1172855463716111
229,120,2013-09-25 01:26:08.000000,2013-09-25 19:15:45.000000,38.9679370902455,17.8272222222222,14.825555555555555,0.7902678413608651
231,121,2013-09-11 08:10:53.000000,2013-09-11 23:05:10.000000,38.4110410908682,14.905,9.056111111111113,-0.48458523358615585
232,121,2013-09-12 08:08:32.000000,2013-09-12 18:40:41.000000,35.4445860949416,10.5361111111111,13.632777777777777,0.5267040905749957
234,121,2013-09-16 07:59:19.000000,2013-09-16 18:57:21.000000,33.6141215288487,10.9675,13.009722222222223,0.3890297792073421
235,121,2013-09-17 07:57:56.000000,2013-09-17 18:55:16.000000,35.5855633133396,10.9558333333333,13.075,0.40345397143712275
236,121,2013-09-18 07:59:46.000000,2013-09-18 18:48:46.000000,30.7738203633941,10.8169444444444,13.26361111111111,0.44513068004997924
237,121,2013-09-19 08:04:35.000000,2013-09-19 18:28:42.000000,30.3541698611028,10.4022222222222,13.677777777777777,0.536647576282334
239,121,2013-09-23 07:56:46.000000,2013-09-23 19:04:22.000000,43.521007404027,11.1269444444444,12.968055555555555,0.3798228479968434
240,121,2013-09-24 08:02:27.000000,2013-09-24 18:24:46.000000,32.2134569996467,10.3722222222222,15.319722222222222,0.8994620455173771
241,121,2013-09-25 09:43:57.000000,2013-09-25 18:55:57.000000,38.7775089868102,9.20027777777778,12.94361111111111,0.3744214483533509
243,122,2013-09-11 08:17:27.000000,2013-09-11 21:44:02.000000,61.2865965963219,13.4433333333333,10.546944444444444,-0.15516123487452108
244,122,2013-09-12 08:16:51.000000,2013-09-12 18:04:55.000000,62.0985795242129,9.80138888888889,14.088611111111112,0.6274279180178491
246,122,2013-09-16 08:22:56.000000,2013-09-16 19:09:44.000000,71.1640550068331,10.7802777777778,13.198611111111111,0.4307678673616017
247,122,2013-09-17 08:21:39.000000,2013-09-17 15:17:14.000000,45.6352491479179,6.92666666666667,17.090000000000003,1.2906338628807563
248,122,2013-09-18 08:22:38.000000,2013-09-18 18:20:39.000000,69.218749246872,9.96722222222222,14.11,0.6321541427059048
249,122,2013-09-19 08:27:15.000000,2013-09-19 19:18:18.000000,64.7084897241192,10.8511111111111,13.027222222222223,0.39289669031575153
251,122,2013-09-23 08:25:34.000000,2013-09-23 18:45:21.000000,71.0182777518508,10.33,13.775833333333333,0.5583145543977072
252,122,2013-09-24 08:31:54.000000,2013-09-24 15:56:00.000000,58.8226229281661,7.40194444444444,16.318888888888893,1.1202442559451313
253,122,2013-09-25 08:15:08.000000,2013-09-25 18:20:28.000000,61.9519833563577,10.0891666666667,13.850555555555555,0.5748256510352011
570,124,2012-10-08 07:15:25.000000,2012-10-08 18:46:21.000000,221.592405954716,11.5158333333333,5.933888888888889,-1.1744912789595081
571,124,2012-10-09 00:42:23.000000,2012-10-09 23:42:39.000000,71.0192722979148,23.0047222222222,9.343333333333334,-0.42111878777511996
572,124,2012-10-10 09:03:15.000000,2012-10-10 17:49:55.000000,159.820147836531,8.77805555555556,6.412222222222222,-1.0687957086629858
573,124,2012-10-11 00:14:39.000000,2012-10-11 17:52:09.000000,110.682109075148,17.6252777777778,6.325555555555556,-1.0879461255808225
575,124,2012-10-15 07:24:42.000000,2012-10-15 17:59:20.000000,261.671019025842,10.5775,6.463888888888889,-1.0573791139619677
576,124,2012-10-16 00:27:10.000000,2012-10-16 23:41:06.000000,70.8020838713768,23.2325,9.624166666666667,-0.3590640714163602
577,124,2012-10-17 09:18:33.000000,2012-10-17 17:47:00.000000,148.724580099433,8.47444444444444,6.33,-1.0869640529183695
578,124,2012-10-18 00:06:48.000000,2012-10-18 23:53:23.000000,161.637545668694,23.7766666666667,8.910555555555556,-0.5167481132814975
580,124,2012-10-22 08:18:13.000000,2012-10-22 18:59:18.000000,208.76952891241,10.685,5.666944444444445,-1.2334770182481016
581,124,2012-10-23 00:39:19.000000,2012-10-23 23:47:25.000000,70.9403313638199,23.1352777777778,9.44138888888889,-0.39945180965974686
584,125,2012-10-08 09:22:56.000000,2012-10-08 18:06:28.000000,52.5074537661445,8.72583333333333,6.428333333333334,-1.065235695261593
585,125,2012-10-09 00:32:10.000000,2012-10-09 23:44:49.000000,85.395259118926,23.2111111111111,9.311666666666667,-0.42811605549509874
586,125,2012-10-10 09:03:31.000000,2012-10-10 18:17:29.000000,42.7957723814864,9.23305555555556,6.0938888888888885,-1.139136663111194
587,125,2012-10-11 00:23:07.000000,2012-10-11 18:18:13.000000,43.6443436034753,17.9186111111111,6.031944444444444,-1.1528243008441352
589,125,2012-10-15 09:03:50.000000,2012-10-15 18:20:30.000000,56.8074166576636,9.27805555555556,6.189444444444445,-1.118022100868451
590,125,2012-10-16 00:31:52.000000,2012-10-16 23:44:59.000000,82.2725866264581,23.2188888888889,9.267222222222221,-0.43793678211963083
591,125,2012-10-17 09:01:01.000000,2012-10-17 17:56:44.000000,38.720045095024,8.92888888888889,6.21,-1.1134800148046051
592,125,2012-10-18 00:09:20.000000,2012-10-19 00:02:21.000000,47.6848467137779,23.8838888888889,8.716944444444445,-0.5595296536396135
594,125,2012-10-22 08:47:47.000000,2012-10-22 18:22:26.000000,54.4824130772275,9.57777777777778,6.234166666666667,-1.108139994702516
595,125,2012-10-23 00:36:29.000000,2012-10-23 23:42:45.000000,80.4491271540036,23.1047222222222,9.292222222222222,-0.43241262339333164
670,126,2012-10-08 07:51:45.000000,2012-10-08 19:28:25.000000,149.010105821167,11.6113888888889,7.103888888888889,-0.9159606505687111
671,126,2012-10-09 02:34:39.000000,2012-10-09 21:57:20.000000,107.728723158697,19.3783333333333,4.345000000000001,-1.5255822557865164
672,126,2012-10-10 02:18:02.000000,2012-10-10 21:47:02.000000,102.51185279792,19.4836111111111,5.0777777777777775,-1.36366302556455
673,126,2012-10-11 02:51:42.000000,2012-10-11 21:55:54.000000,133.552382562037,19.0702777777778,3.3630555555555555,-1.7425589346472639
675,126,2012-10-15 07:59:29.000000,2012-10-15 16:40:33.000000,112.208350489643,8.68472222222222,9.089444444444446,-0.4772196886177571
676,126,2012-10-16 01:45:55.000000,2012-10-16 20:05:44.000000,121.154473472389,18.3305555555556,11.958055555555555,0.15664683545436053
677,126,2012-10-17 08:03:13.000000,2012-10-17 20:53:54.000000,101.137316650721,12.845,11.191666666666666,-0.012699319277407983
679,126,2012-10-22 07:31:53.000000,2012-10-22 21:51:42.000000,152.017961058795,14.3305555555556,3.3994444444444443,-1.7345182147234284
680,126,2012-10-23 01:15:40.000000,2012-10-23 19:58:21.000000,106.249884527593,18.7116666666667,12.266388888888889,0.22477812641204925
597,127,2012-10-03 08:25:43.000000,2012-10-03 20:10:10.000000,76.5489786783932,11.7411111111111,12.308055555555555,0.2339850576225476
598,127,2012-10-04 08:28:39.000000,2012-10-04 23:58:58.000000,88.3417488273907,15.5055555555556,8.52138888888889,-0.6027408507875531
600,127,2012-10-08 08:22:34.000000,2012-10-08 19:57:33.000000,67.1964357909974,11.5833333333333,12.407222222222222,0.255897553903534
601,127,2012-10-09 08:21:59.000000,2012-10-09 19:17:14.000000,82.2126046379766,10.9211111111111,13.141666666666667,0.41818506137392064
602,127,2012-10-10 08:25:44.000000,2012-10-10 21:21:40.000000,79.6369954529276,12.9325,11.20111111111111,-0.010612414869695061
603,127,2012-10-11 08:33:44.000000,2012-10-11 20:17:29.000000,99.5164133739001,11.7294444444444,12.225833333333334,0.21581671336716424
605,127,2012-10-15 08:26:38.000000,2012-10-15 21:40:26.000000,64.4469876633794,13.2302777777778,10.946944444444444,-0.06677469525373568
606,127,2012-10-16 08:37:15.000000,2012-10-16 21:41:43.000000,88.6997201496317,13.0747222222222,11.01,-0.05284153935518131
607,127,2012-10-17 08:42:19.000000,2012-10-17 17:45:36.000000,70.28015365175,9.055,15.124444444444444,0.856312227910841
608,127,2012-10-18 08:53:04.000000,2012-10-18 22:34:04.000000,91.6627219221496,13.6836111111111,10.379166666666666,-0.19223447788212816
610,127,2012-10-22 08:44:44.000000,2012-10-22 21:45:07.000000,67.086414813123,13.0066666666667,11.040555555555555,-0.046089789800815885
611,127,2012-10-23 08:47:33.000000,2012-10-23 23:52:17.000000,81.0314888742261,15.0791666666667,8.920555555555557,-0.5145384497909775
613,128,2012-10-02 18:57:53.000000,2012-10-03 17:23:34.000000,67.7703696214205,22.4283333333333,15.050277777777778,0.8399238903561537
614,128,2012-10-04 08:26:35.000000,2012-10-04 17:30:46.000000,124.493538611998,9.07,15.028611111111111,0.8351362861266945
616,128,2012-10-08 08:38:10.000000,2012-10-08 20:18:07.000000,58.3818817698984,11.6661111111111,12.461944444444445,0.26798932355998883
617,128,2012-10-09 08:45:50.000000,2012-10-09 21:12:41.000000,60.5073147337587,12.4477777777778,11.222777777777777,-0.005824810640235894
618,128,2012-10-10 08:26:03.000000,2012-10-10 19:53:12.000000,73.6870862529402,11.4527777777778,12.618055555555555,0.3024846258286563
619,128,2012-10-11 08:30:17.000000,2012-10-11 18:03:40.000000,73.8885476790517,9.55666666666667,14.374722222222223,0.6906488456632721
621,128,2012-10-15 08:27:24.000000,2012-10-15 20:10:43.000000,55.8658300697469,11.7222222222222,12.614722222222222,0.30174807133181636
622,128,2012-10-16 08:47:36.000000,2012-10-16 18:07:56.000000,54.1099900676482,9.33916666666667,14.881388888888889,0.8026051291829333
623,128,2012-10-17 09:00:49.000000,2012-10-17 19:16:31.000000,121.169419434519,10.2619444444444,13.704722222222221,0.5426013917984562
624,128,2012-10-18 08:58:48.000000,2012-10-18 20:05:52.000000,62.3718465338521,11.1180555555556,12.806944444444444,0.34422271398291593
626,128,2012-10-22 08:58:46.000000,2012-10-22 17:57:18.000000,65.7133490157662,8.97583333333333,15.095833333333333,0.8499901351462987
627,128,2012-10-23 09:03:03.000000,2012-10-23 20:09:55.000000,62.2449031821238,11.1147222222222,12.6825,0.31672467943422716
629,129,2012-10-08 08:31:27.000000,2012-10-08 21:49:32.000000,58.9090323107789,13.3016666666667,3.562777777777778,-1.6984270443782745
630,129,2012-10-09 01:23:18.000000,2012-10-09 19:59:24.000000,83.877851313235,18.6019444444444,6.462777777777778,-1.0576246321275808
631,129,2012-10-10 02:27:10.000000,2012-10-10 21:19:23.000000,38.800833355356,18.8705555555556,11.46111111111111,0.04683883588381534
632,129,2012-10-11 08:47:03.000000,2012-10-11 19:50:55.000000,32.1693554692674,11.0647222222222,7.816666666666666,-0.7584607473277841
634,129,2012-10-15 08:38:40.000000,2012-10-15 17:38:56.000000,58.5073196297356,9.00472222222222,8.188055555555557,-0.6763963004715405
635,129,2012-10-16 01:50:13.000000,2012-10-16 21:41:30.000000,83.1910459847988,19.855,10.715277777777779,-0.11796523278410694
636,129,2012-10-17 08:24:25.000000,2012-10-17 23:25:21.000000,39.9456597955095,15.0158333333333,0.6905555555555556,-2.3330915024886356
637,129,2012-10-18 00:06:47.000000,2012-10-18 20:03:11.000000,36.068521405005,19.9402777777778,12.214166666666667,0.21323877262822466
639,129,2012-10-22 08:33:43.000000,2012-10-22 19:58:52.000000,58.7231630617763,11.4194444444444,6.586666666666667,-1.0302493566616988
640,129,2012-10-23 02:34:04.000000,2012-10-23 23:40:42.000000,83.302009794597,21.1108333333333,8.758333333333335,-0.5503841019705183
643,130,2012-10-08 08:00:14.000000,2012-10-08 22:19:08.000000,87.1324706449149,14.3152777777778,10.0275,-0.26994097729873523
644,130,2012-10-09 08:20:47.000000,2012-10-09 18:31:14.000000,78.4817771675167,10.1744444444444,13.802777777777777,0.5642683699138294
645,130,2012-10-10 08:19:24.000000,2012-10-10 19:13:27.000000,94.2432458191565,10.9011111111111,13.268888888888888,0.44629689133664235
646,130,2012-10-11 08:29:35.000000,2012-10-11 17:39:08.000000,88.1979332700056,9.15944444444444,14.335,0.6818715712425969
648,130,2012-10-15 07:40:24.000000,2012-10-15 17:40:37.000000,73.0236399304604,10.0038888888889,15.007222222222222,0.8304100614386385
649,130,2012-10-16 08:41:03.000000,2012-10-16 18:11:11.000000,77.8457389932914,9.5025,14.567777777777778,0.7333076269385814
650,130,2012-10-17 08:45:15.000000,2012-10-17 20:08:12.000000,99.4449331542173,11.3827777777778,12.203333333333333,0.21084497051349488
651,130,2012-10-18 08:20:24.000000,2012-10-18 17:47:47.000000,85.3256834909945,9.45666666666667,15.064722222222223,0.8431156265091266
653,130,2012-10-22 08:49:51.000000,2012-10-22 20:51:26.000000,69.2838573716767,12.0266666666667,12.109722222222222,0.1901600650605751
654,130,2012-10-23 08:58:01.000000,2012-10-23 18:28:26.000000,79.722014199615,9.50722222222222,14.0225,0.6128195871638583
657,131,2012-10-08 08:27:06.000000,2012-10-08 18:21:42.000000,37.1958824251443,9.91027777777778,6.232777777777778,-1.1084468924095325
658,131,2012-10-09 00:35:40.000000,2012-10-09 23:48:22.000000,33.7030010247108,23.2119444444444,8.809166666666668,-0.5391516458937102
659,131,2012-10-10 08:36:55.000000,2012-10-10 18:36:24.000000,37.8141039956004,9.99166666666667,5.834444444444444,-1.1964651547818979
660,131,2012-10-11 00:26:28.000000,2012-10-11 18:35:12.000000,39.4865707236297,18.1458333333333,5.811944444444444,-1.2014368976355672
662,131,2012-10-15 08:43:32.000000,2012-10-15 19:59:38.000000,37.1522131655367,11.2686111111111,4.378333333333334,-1.5182167108181177
663,131,2012-10-16 00:22:20.000000,2012-10-16 23:43:29.000000,33.4303641423972,23.3527777777778,9.102777777777778,-0.4742734706303979
664,131,2012-10-17 08:49:39.000000,2012-10-17 18:21:00.000000,37.5972325322812,9.52277777777778,5.883055555555556,-1.1857237350363163
665,131,2012-10-18 00:13:59.000000,2012-10-18 23:55:36.000000,39.5829175281548,23.6938888888889,8.510555555555557,-0.6051346529022825
667,131,2012-10-22 08:19:22.000000,2012-10-22 18:33:15.000000,39.0850512691939,10.2316666666667,5.963055555555556,-1.1680464271121591
668,131,2012-10-23 00:31:02.000000,2012-10-23 23:47:15.000000,32.6074829016918,23.2705555555556,9.460555555555555,-0.3952166213029179
691,220,2013-11-14 07:03:57.000000,2013-11-14 19:28:41.000000,46.6436477253134,12.4125,11.112777777777778,-0.03013110903595173
695,220,2013-11-25 06:52:18.000000,2013-11-25 18:13:03.000000,56.0645885403023,11.3461111111111,12.738611111111112,0.3291233467976988
683,223,2013-11-19 06:37:34.000000,2013-11-19 18:14:50.000000,20.7503754538949,11.6213888888889,12.5575,0.2891038858027318
684,223,2013-11-20 06:48:17.000000,2013-11-20 17:53:47.000000,20.7190177110234,11.0919444444444,12.791944444444445,0.3409082187471367
685,223,2013-11-21 06:41:18.000000,2013-11-21 20:15:23.000000,23.2579584726107,13.5683333333333,10.533333333333333,-0.15816883240328378
687,223,2013-11-25 06:52:36.000000,2013-11-25 19:01:13.000000,19.6456682762445,12.1438888888889,11.683333333333334,0.09594246900647407
688,223,2013-11-26 06:42:13.000000,2013-11-26 18:25:54.000000,21.3754205869521,11.7283333333333,12.394444444444444,0.25307409499898115
712,224,2013-11-19 07:20:07.000000,2013-11-19 17:02:34.000000,45.5331105519928,9.70777777777778,14.216388888888888,0.6556625070633775
699,225,2013-11-18 05:09:50.000000,2013-11-18 22:03:32.000000,48.5788771231417,16.8952777777778,4.9275,-1.3968693574637479
702,225,2013-11-26 05:24:15.000000,2013-11-26 21:17:46.000000,64.3152360203561,15.8922222222222,7.5938888888888885,-0.8076871395332492
720,226,2013-11-25 06:29:52.000000,2013-11-25 20:14:21.000000,65.0562587353338,13.7416666666667,10.3125,-0.20696556781892567
722,226,2013-12-02 06:43:53.000000,2013-12-02 20:07:18.000000,64.5570406833913,13.3905555555556,9.074166666666668,-0.4805955633949398
707,228,2013-11-18 06:39:29.000000,2013-11-18 17:51:16.000000,5.63826288186617,11.1966666666667,12.854166666666666,0.3546572360214809
708,228,2013-11-19 06:42:31.000000,2013-11-19 19:26:34.000000,7.63006828984255,12.7344444444444,11.325833333333334,0.01694699922039721
709,228,2013-11-20 06:46:07.000000,2013-11-20 17:34:47.000000,7.34329167746389,10.8113888888889,13.17,0.4244457745970594
758,231,2013-11-21 06:44:50.000000,2013-11-21 18:43:27.000000,31.6919192560848,11.9772222222222,12.13888888888889,0.19660491690792406
760,231,2013-11-25 06:30:47.000000,2013-11-25 18:47:55.000000,30.6624599101101,12.2858333333333,12.346111111111112,0.2423940547948032
724,232,2013-11-14 05:09:25.000000,2013-11-14 18:11:00.000000,47.6654185286321,13.0266666666667,11.072777777777778,-0.03896976299803007
726,232,2013-11-18 05:16:40.000000,2013-11-18 17:29:53.000000,39.4370059895797,12.2205555555556,11.666944444444445,0.09232107606367802
727,232,2013-11-19 05:09:54.000000,2013-11-19 18:47:27.000000,42.5891896327649,13.6261111111111,10.366944444444444,-0.1949351777038744
730,232,2013-11-26 05:13:11.000000,2013-11-26 17:14:42.000000,44.2748687343338,12.0255555555556,11.998888888888889,0.16566962804064905
732,232,2013-12-02 05:19:04.000000,2013-12-02 17:07:25.000000,45.0816032531192,11.8061111111111,12.438611111111111,0.2628334420821097
733,232,2013-12-03 05:33:44.000000,2013-12-03 19:15:25.000000,44.0114568825979,13.695,10.27138888888889,-0.21604973994661733
736,233,2013-11-21 06:25:57.000000,2013-11-21 19:05:20.000000,12.425857667126,12.6566666666667,11.6075,0.07918585420336678
738,233,2013-11-25 06:16:18.000000,2013-11-25 19:57:22.000000,12.0012369124,13.6847222222222,10.757222222222222,-0.10869692203220546
740,233,2013-12-02 06:21:40.000000,2013-12-02 20:17:55.000000,13.1843658341294,13.9377777777778,10.7225,-0.11636936470762067
741,233,2013-12-03 07:01:16.000000,2013-12-03 20:21:14.000000,11.6415508360085,13.3330555555556,10.411111111111111,-0.18517583062074588
743,234,2013-11-13 06:45:51.000000,2013-11-13 18:57:55.000000,12.7318878248104,12.2013888888889,12.142777777777777,0.1974642304875703
744,234,2013-11-14 07:06:29.000000,2013-11-14 17:49:20.000000,11.9381045662307,10.7144444444444,13.133333333333333,0.4163436751318207
746,234,2013-11-18 06:43:42.000000,2013-11-18 18:49:16.000000,11.6987631145477,12.0930555555556,12.083055555555555,0.18426762908585595
747,234,2013-11-19 06:54:15.000000,2013-11-19 17:27:51.000000,11.8257079071627,10.5602777777778,13.262222222222222,0.44482378234296277
748,234,2013-11-20 06:43:35.000000,2013-11-20 18:54:42.000000,11.5472858143243,12.1855555555556,11.798333333333334,0.12135359914744989
749,234,2013-11-21 06:42:36.000000,2013-11-21 19:41:18.000000,11.2163379863919,12.9786111111111,11.103055555555555,-0.03227939298506818
751,234,2013-11-25 06:45:53.000000,2013-11-25 20:39:57.000000,12.5988390687155,13.9013888888889,10.550833333333333,-0.1543019212948744
752,234,2013-11-26 07:13:00.000000,2013-11-26 17:41:50.000000,11.4751325733045,10.4808333333333,13.024444444444445,0.3922828949017182
754,234,2013-12-02 06:38:52.000000,2013-12-02 17:19:22.000000,6.90444965642251,10.6752777777778,13.96,0.5990091903481106
755,234,2013-12-03 07:16:58.000000,2013-12-03 20:48:58.000000,7.56060155189192,13.5336111111111,10.985555555555555,-0.058242938998673804
788,309,2011-04-18 12:38:21.736480,2011-04-18 22:28:12.065664,62.4841660852113,9.83092477333333,8.531944444444445,-0.6004084282142268
791,309,2011-04-25 12:41:28.065664,2011-04-25 22:02:22.732160,59.3723048522677,9.34879624888889,14.737037084444445,0.7707082379757816
773,310,2011-04-13 00:04:03.004147,2011-04-13 23:59:41.054080,107.679862189733,23.9275138702778,0.1974861297222222,-2.4420432533441754
774,310,2011-04-14 00:11:32.004147,2011-04-14 23:50:21.054080,95.8871436005761,23.6472360925,0.33942483833333337,-2.4106795751132277
775,310,2011-04-15 00:10:42.983498,2011-04-15 23:53:37.054080,96.6551673531907,23.7152973838889,0.278591505,-2.4241216946805553
777,310,2011-04-19 00:00:08.004147,2011-04-19 23:58:21.054080,98.8149900620893,23.9705694258333,0.2088692827777778,-2.4395279595727892
778,310,2011-04-20 00:10:52.983498,2011-04-20 23:57:15.054080,98.9963095679127,23.7730751616667,0.2716470605555556,-2.4256561832156387
780,310,2011-04-26 00:12:13.004147,2011-04-26 23:58:11.054080,107.062690822847,23.7664027591667,0.23915279638888892,-2.4328363221336766
781,310,2011-04-27 00:12:32.004147,2011-04-27 23:53:07.054080,107.208335954644,23.6766805369444,0.2630359494444445,-2.4275589489991414
782,310,2011-04-28 00:08:53.983498,2011-04-28 23:53:20.054080,116.590366507946,23.7408529394445,0.24109724083333336,-2.432406665343853
783,310,2011-04-29 00:07:48.004147,2011-04-29 23:57:16.054080,110.462773997387,23.8247360925,0.3183137272222223,-2.41534442025988
785,310,2011-05-02 16:01:38.983498,2011-05-02 23:52:23.054080,70.4254603503328,7.84585293944447,0.27081372722222224,-2.425840321839848
786,310,2011-05-03 00:08:37.983498,2011-05-04 00:02:41.054080,95.0155242297526,23.9011307172222,0.1577639075,-2.4508205277648503
767,311,2011-04-14 01:46:01.065664,2011-04-14 23:49:31.732160,28.9466228928124,22.0587962488333,0.8550926400000001,-2.296734343655292
771,311,2011-05-03 01:22:44.065664,2011-05-03 22:00:05.732160,49.3368535164758,20.6229629155,15.498125395555556,0.9388831433881286
794,312,2011-05-03 13:50:46.065664,2011-05-03 23:10:08.732160,38.3057595509962,9.32324069333334,1.2622977741666668,-2.206755711843269
796,313,2011-04-14 01:13:16.065664,2011-04-14 23:09:13.054080,26.4411449773845,21.93277456,2.1283137511111114,-2.0153953231971857
814,315,2011-04-25 11:40:29.065664,2011-04-25 20:29:28.766400,45.700440023213,8.81686131555555,4.117564960833334,-1.5758377460376651
806,316,2011-04-26 01:49:02.983584,2011-04-27 01:01:49.732160,44.8583750151953,23.2132634933334,3.9244456444444444,-1.6185106163115288
807,316,2011-04-27 04:57:17.736480,2011-04-28 00:14:53.736480,37.4253841252077,19.2936111111111,0.0856299075,-2.466759714387365
803,319,2011-05-03 11:44:24.004147,2011-05-03 20:21:49.732160,77.7897605670996,8.6240911146005,15.291464440833334,0.893218026731566
819,321,2011-04-19 03:38:44.065664,2011-04-20 00:11:43.732160,27.7812515563304,20.5501851377778,14.405347617777778,0.6974160275074553
820,321,2011-04-20 14:36:02.983584,2011-04-20 23:48:43.054080,31.9128245788856,9.21140847111111,2.328892106666667,-1.9710742562712285
821,321,2011-04-21 02:08:27.065664,2011-04-22 00:33:52.732160,25.6402254706868,22.4240740266667,0.0870199963888889,-2.466452551520729
823,321,2011-04-25 14:44:18.065664,2011-04-26 01:08:32.732160,30.3514502189114,10.4043518044445,13.712292062222224,0.5442740717061643
824,321,2011-04-26 14:51:16.983584,2011-04-27 00:29:08.736480,30.0758709182057,9.63132024888893,14.330369217777779,0.6808483242016977
825,321,2011-04-27 14:48:58.065664,2011-04-28 00:28:18.732160,30.267154545944,9.65601847111112,0.8381253716666667,-2.3004835389922937
938,323,2011-05-31 13:27:09.983498,2011-06-01 00:15:32.054080,122.249670228453,10.8064084949999,23.95470261611111,2.8075021372902884
829,324,2011-05-23 12:52:38.732160,2011-05-23 22:42:41.054080,42.720620598998,9.83425608888889,2.4666698844444443,-1.94063000373518
830,324,2011-05-24 01:10:41.065664,2011-05-24 22:46:09.054080,39.0757708985278,21.5913856711111,1.9944248383333336,-2.044980267432228
831,324,2011-05-25 00:45:48.983498,2011-05-25 23:08:07.054080,46.1787851713475,22.3719640505556,1.6608194630555557,-2.1186958292314686
832,324,2011-05-26 00:47:46.004147,2011-05-26 23:08:27.054080,43.2993097022466,22.3450138702778,1.4733365511111114,-2.160123243793463
834,324,2011-05-31 12:54:00.983584,2011-05-31 23:22:46.054080,46.8521073796607,10.4794640266666,1.9794248622222224,-2.048294757389367
839,324,2011-06-13 12:50:13.983498,2011-06-13 21:56:39.054080,44.0247574789644,9.10724182833322,6.122758195555556,-1.1327575178173992
840,324,2011-06-14 04:04:00.983584,2011-06-14 23:27:27.054080,54.9382432485352,19.3908529155555,0.6232439111111111,-2.3479651108102084
841,324,2011-06-15 00:04:50.732160,2011-06-15 23:20:28.054080,48.9911759471832,23.2606449777778,3.1782451111111114,-1.7833958238228234
842,324,2011-06-16 02:31:09.736480,2011-06-16 22:59:48.054080,53.0183537851863,20.4775882222221,2.1355587733333334,-2.0137944170879414
844,324,2011-06-20 12:28:25.054080,2011-06-20 22:37:25.054080,51.4177913570686,10.1502777777778,2.683614328888889,-1.8926925818991844
862,325,2011-05-19 12:27:07.736480,2011-05-19 23:02:14.054080,39.939723576267,10.585366,2.6441470605555555,-1.9014135200898554
866,325,2011-06-06 12:31:01.732160,2011-06-06 23:49:28.054080,37.3107853438546,11.3075894222222,12.66102288888889,0.31197896060382213
867,325,2011-06-07 12:29:07.736480,2011-06-07 23:30:42.054080,38.478504316927,11.026477111111,12.977780995555555,0.38197184296656744
869,325,2011-06-13 12:34:37.732160,2011-06-13 22:46:16.054080,36.0004684031612,10.1942560888889,2.5526895555555553,-1.921622551063107
847,326,2011-05-11 03:00:22.004147,2011-05-11 23:49:26.054080,60.8948328405278,20.8180694258334,5.6440772444444445,-1.2385298999451428
849,326,2011-05-17 04:07:28.732160,2011-05-17 21:34:17.054080,58.78789596823,17.4470338666667,6.235743911111111,-1.1077914767560646
850,326,2011-05-18 03:48:25.732160,2011-05-18 21:44:23.766400,60.9885088808889,17.9330650666667,7.231191022222222,-0.8878311629395182
851,326,2011-05-19 04:58:16.054080,2011-05-19 23:12:17.054080,59.7036166447163,18.2338888888889,13.26352288888889,0.4451111859076298
856,326,2011-06-06 12:41:45.732160,2011-06-06 23:16:23.054080,78.4753188781535,10.5773116444445,13.119147060555555,0.4132089862294599
857,326,2011-06-07 12:23:31.983498,2011-06-07 22:04:02.054080,70.839436850079,9.67529738388878,14.654722222222222,0.7525194233978216
874,327,2011-05-12 01:51:29.000259,2011-05-12 22:50:59.054080,48.1923402559773,20.9919593947222,5.746864533333334,-1.2158173679904154
876,327,2011-05-16 12:27:16.983584,2011-05-16 22:00:43.766400,44.3306905226015,9.55771744888887,4.760546044444445,-1.4337605634826427
877,327,2011-05-17 02:46:21.732160,2011-05-17 21:39:53.054080,39.3696381219779,18.8923116444444,4.237208351944445,-1.5494005827156467
878,327,2011-05-18 01:54:07.004147,2011-05-18 21:26:45.054080,45.0762156671697,19.5441805369444,5.053614328888889,-1.3690023346460316
881,327,2011-05-25 03:15:46.732160,2011-05-25 22:53:41.054080,53.537502673804,19.6320338666667,5.034722222222222,-1.3731768544820653
883,327,2011-05-31 12:42:59.983498,2011-05-31 21:16:46.054080,39.7896038168669,8.56307516166656,6.047758171666667,-1.149329999274937
884,327,2011-06-01 03:19:37.983498,2011-06-01 22:02:34.054080,47.6852305377791,18.7158529394443,7.529707271944445,-0.8218691171057146
886,327,2011-06-06 12:30:27.054080,2011-06-06 21:49:34.054080,43.3160282885105,9.31888888888889,4.347132800000001,-1.5251109787572583
887,327,2011-06-07 02:10:23.732160,2011-06-07 22:19:33.054080,49.5807612326601,20.1528672,3.709077244444445,-1.6660997853606916
888,327,2011-06-08 02:02:05.732160,2011-06-08 23:01:23.054080,39.0764287858771,20.9884227555556,4.248873938611111,-1.5468228806203643
898,328,2011-05-23 12:28:45.054080,2011-05-23 21:19:03.766400,35.3981149567386,8.83880897777776,15.138671416111112,0.8594559098980903
899,328,2011-05-24 12:27:22.983498,2011-05-24 23:34:46.054080,38.9756272509312,11.1233529394445,12.915535973333334,0.36821778765946483
900,328,2011-05-25 12:29:41.983584,2011-05-25 22:53:47.054080,35.3349205619549,10.4016862488889,13.581114328888889,0.5152882068945853
903,328,2011-06-16 12:54:28.732160,2011-06-16 23:59:19.766400,40.0436499074117,11.0811206222223,0.630083128888889,-2.3464538738274814
926,330,2011-05-31 12:37:25.983498,2011-05-31 23:13:12.054080,62.2661744619504,10.5964084949999,4.367689555555556,-1.5205686275337937
927,330,2011-06-01 03:35:15.736480,2011-06-01 21:25:33.054080,52.2960983683778,17.8384215555555,15.205535949444446,0.8742307217098204
928,330,2011-06-02 12:37:52.983498,2011-06-02 21:26:01.054080,61.5841941590569,8.802519606111,15.228243911111113,0.8792484170937157
972,331,2011-06-13 12:42:46.054080,2011-06-13 23:05:01.054080,76.1952805205381,10.3711111111111,18.931299466666665,1.6974990835414157
906,332,2011-05-09 12:39:02.000259,2011-05-09 21:11:08.054080,53.755242041479,8.53529272805555,15.788336551111113,1.0030100428853914
908,332,2011-05-12 05:24:40.004147,2011-05-12 20:29:58.766400,56.1832364209407,15.0888228480555,14.901101600000002,0.8069609749870721
916,332,2011-06-02 00:46:29.000259,2011-06-02 22:15:55.054080,64.7734295885658,21.4908482836111,2.809424862222222,-1.8648926876762375
918,332,2011-06-07 12:56:55.000259,2011-06-07 22:08:00.054080,58.5933373945046,9.18501495027772,14.90352168888889,0.8074957331932309
919,332,2011-06-08 13:02:12.732160,2011-06-08 22:32:37.054080,62.7415712276548,9.50703386666667,14.542688355555557,0.7277637089103141
920,332,2011-06-09 13:05:10.732160,2011-06-09 23:22:07.054080,60.02578423272,10.2825894222222,14.42833655111111,0.7024958081747207
943,576,2008-08-07 04:00:08.000000,2008-08-07 18:24:47.000000,64.6948724545105,14.4111111111111,7.953055555555555,-0.7283233924987524
945,576,2008-08-11 03:48:06.000000,2008-08-11 18:40:33.000000,72.2859605429155,14.8744444444444,6.691944444444444,-1.0069865104698394
946,576,2008-08-12 01:22:04.000000,2008-08-12 18:11:22.000000,69.799014324217,16.8219444444444,8.829444444444446,-0.5346709393712675
947,576,2008-08-13 03:01:08.000000,2008-08-13 18:15:39.000000,83.0988131974559,15.2422222222222,10.038055555555555,-0.26760855472540895
948,576,2008-08-14 04:17:56.000000,2008-08-14 22:29:21.000000,65.3755569428065,18.1905555555556,3.539722222222222,-1.7035215463147504
951,577,2008-07-30 08:57:10.000000,2008-07-30 19:07:14.000000,66.8962571752963,10.1680555555556,13.633055555555556,0.5267654701163992
952,577,2008-07-31 08:45:13.000000,2008-07-31 19:17:10.000000,67.5577750162825,10.5327777777778,13.715555555555556,0.5449951939131861
954,577,2008-08-04 08:42:10.000000,2008-08-04 19:07:06.000000,72.4582664205339,10.4158333333333,13.64,0.5282999586514823
955,577,2008-08-05 08:45:30.000000,2008-08-05 19:23:12.000000,67.7115774129049,10.6286111111111,13.192777777777778,0.42947889699213193
957,578,2008-07-30 09:14:59.000000,2008-07-30 18:49:15.000000,78.7732262310229,9.57138888888889,14.48,0.7139116918551315
958,578,2008-07-31 09:18:03.000000,2008-07-31 17:16:15.000000,74.1176345408795,7.97027777777778,16.05611111111111,1.0621792097775868
961,578,2008-08-05 23:50:06.000000,2008-08-06 00:30:40.000000,31.3475838681853,0.676388888888889,8.79138888888889,-0.543079936543523
962,578,2008-08-06 09:18:09.000000,2008-08-06 17:18:42.000000,73.7398962443775,8.00944444444444,16.051111111111112,1.0610743780323273
964,579,2008-07-30 09:32:34.000000,2008-07-30 18:42:43.000000,80.4257238188642,9.16944444444444,14.646944444444445,0.7508007962385287
965,579,2008-07-31 09:21:32.000000,2008-07-31 17:14:46.000000,62.2146517003834,7.8875,16.08277777777778,1.0680716457523058
967,579,2008-08-04 09:27:04.000000,2008-08-04 19:12:37.000000,81.6968864054602,9.75944444444444,14.229166666666666,0.6584859659679304
968,579,2008-08-05 09:26:22.000000,2008-08-05 20:14:42.000000,87.8348489150424,10.8058333333333,13.105833333333333,0.4102671005328917
969,579,2008-08-06 09:21:03.000000,2008-08-06 18:58:31.000000,75.7670165005962,9.62472222222222,14.42388888888889,0.7015130244916602
